ids,decimalLongitude,decimalLatitude
12345,-77.983333,21.633333
2345,13.4087255,52.5536535
